alias christine Christine Choppy <Christine.Choppy@lipn.univ-paris13.fr>
alias gerard Gerard Berthelot <berthelot@iie.cnam.fr>
alias jlk Jean-Luc Kors <kors@iie.cnam.fr>
alias soren Soren Christensen <sorenchr@daimi.au.dk>
alias jonathan Jonathan Billington <j.billington@unisa.edu.au>
alias alex Alexis Dauchy <dauchy@mgstsrv.polycnrs-gre.fr>
alias poitrenaud Denis Poitrenaud <denis.poitrenaud@lip6.fr>
alias prosper Prosperi Pierre <pierre.prosperi@axa-franceassurance.fr>
alias martine Martine Godfroy <martine.godfroy@free.fr>
alias michel Bidoit Michel <bidoit@lsv.ens-cachan.fr>

alias boucher Boucher Philippe <boucher@fr.ibm.com>
alias laurentM Morcrette Laurent <morcrette.laurent@alcatel.fr>
alias claude Barbi Claude <claude.barbi@wanadoo.fr>
alias polliat Polliat Jacques <jacques.polliat@libertysurf.fr>
alias vincent Les Bichat <vincent.bichat@free.fr>

alias laurence Laurence Nigay <laurence@dcs.gla.ac.uk>
alias Bing \"Han, Bing - HANBY002\" <HANBY002@students.unisa.edu.au>
alias maif MAIF <jean-pierre.chan@maif.fr>
alias patrick Patrick O\'Sullivan <Patrick.O\'Sullivan@unisa.edu.au>
alias cned CNED <accueil1@cned.fr>
